folder,file name,image size,adjacent,initial frame,equatorial frame,equatorial size,value 0 ch0,value 1 ch0,value 2 ch0,value 3 ch0,value 4 ch0,value 5 ch0,value 6 ch0,value 7 ch0,value 8 ch0,value 9 ch0,value 10 ch0,value 11 ch0,value 12 ch0,value 13 ch0,puncta 0 ch0,puncta 1 ch0,puncta 2 ch0,puncta 3 ch0,puncta 4 ch0,puncta 5 ch0,puncta 6 ch0,puncta 7 ch0,puncta 8 ch0,puncta 9 ch0,puncta 10 ch0,puncta 11 ch0,puncta 12 ch0,puncta 13 ch0,x 0,x 1,x 2,x 3,x 4,x 5,x 6,x 7,x 8,x 9,x 10,x 11,x 12,x 13,y 0,y 1,y 2,y 3,y 4,y 5,y 6,y 7,y 8,y 9,y 10,y 11,y 12,y 13,w 0,w 1,w 2,w 3,w 4,w 5,w 6,w 7,w 8,w 9,w 10,w 11,w 12,w 13,h 0,h 1,h 2,h 3,h 4,h 5,h 6,h 7,h 8,h 9,h 10,h 11,h 12,h 13,quality ch0,num frame,new punctate ch0,new punctate ch1,puncta 0 ch1,puncta 1 ch1,puncta 10 ch1,puncta 11 ch1,puncta 12 ch1,puncta 13 ch1,puncta 2 ch1,puncta 3 ch1,puncta 4 ch1,puncta 5 ch1,puncta 6 ch1,puncta 7 ch1,puncta 8 ch1,puncta 9 ch1,quality ch1,value 0 ch1,value 1 ch1,value 10 ch1,value 11 ch1,value 12 ch1,value 13 ch1,value 2 ch1,value 3 ch1,value 4 ch1,value 5 ch1,value 6 ch1,value 7 ch1,value 8 ch1,value 9 ch1,colocalization ch0 ch1,colocalization weight ch0 ch1,new colocalization ch0 ch1,square quality,value 14 ch0,value 15 ch0,value 16 ch0,value 17 ch0,value 18 ch0,value 19 ch0,value 20 ch0,value 21 ch0,value 22 ch0,value 23 ch0,value 24 ch0,puncta 14 ch0,puncta 15 ch0,puncta 16 ch0,puncta 17 ch0,puncta 18 ch0,puncta 19 ch0,puncta 20 ch0,puncta 21 ch0,puncta 22 ch0,puncta 23 ch0,puncta 24 ch0,x 14,x 15,x 16,x 17,x 18,x 19,x 20,x 21,x 22,x 23,x 24,y 14,y 15,y 16,y 17,y 18,y 19,y 20,y 21,y 22,y 23,y 24,w 14,w 15,w 16,w 17,w 18,w 19,w 20,w 21,w 22,w 23,w 24,h 14,h 15,h 16,h 17,h 18,h 19,h 20,h 21,h 22,h 23,h 24,puncta 14 ch1,puncta 15 ch1,puncta 16 ch1,puncta 17 ch1,puncta 18 ch1,puncta 19 ch1,puncta 20 ch1,puncta 21 ch1,puncta 22 ch1,puncta 23 ch1,puncta 24 ch1,value 14 ch1,value 15 ch1,value 16 ch1,value 17 ch1,value 18 ch1,value 19 ch1,value 20 ch1,value 21 ch1,value 22 ch1,value 23 ch1,value 24 ch1
/mount/local5/chenxi/puncta-detection/data/02-13-2022/69.5_ DOPC_30_ DOPS_0.5_ Atto/100 nM_Cy3 ESCRT-I/Captured001.nd2-output,(series 1).tif,1024,False,0,3,0.0908203,47.77423349033916,46.9315928208739,15.842609880579857,48.092910165867124,82.8497023809523,33.34489380560035,,,,,,,,,<puncta_detect_util.Puncta object at 0x7f10376fbe10>,<puncta_detect_util.Puncta object at 0x7f1037044c50>,<puncta_detect_util.Puncta object at 0x7f1037023f90>,<puncta_detect_util.Puncta object at 0x7f1037023610>,<puncta_detect_util.Puncta object at 0x7f1037040990>,<puncta_detect_util.Puncta object at 0x7f1036fdbd10>,<puncta_detect_util.Puncta object at 0x7f108bfd4590>,<puncta_detect_util.Puncta object at 0x7f1036fdb750>,<puncta_detect_util.Puncta object at 0x7f103704f7d0>,<puncta_detect_util.Puncta object at 0x7f1036ff5b90>,<puncta_detect_util.Puncta object at 0x7f103722fc90>,<puncta_detect_util.Puncta object at 0x7f103704f950>,<puncta_detect_util.Puncta object at 0x7f108c06b250>,<puncta_detect_util.Puncta object at 0x7f1037056dd0>,0.193848,0.193848,0.194336,0.194824,0.142578,0.142578,,,,,,,,,0.788574,0.788574,0.789062,0.788574,0.354004,0.353516,,,,,,,,,0.0791016,0.0830078,0.0878906,0.0908203,0.0273438,0.0273438,,,,,,,,,0.0771484,0.0791016,0.0839844,0.0869141,0.0263672,0.0273438,,,,,,,,,True,14,False,True,<puncta_detect_util.Puncta object at 0x7f1037056950>,<puncta_detect_util.Puncta object at 0x7f103720ebd0>,<puncta_detect_util.Puncta object at 0x7f1037038210>,<puncta_detect_util.Puncta object at 0x7f1037038850>,<puncta_detect_util.Puncta object at 0x7f1037038d50>,<puncta_detect_util.Puncta object at 0x7f1037023cd0>,<puncta_detect_util.Puncta object at 0x7f103720e310>,<puncta_detect_util.Puncta object at 0x7f10370234d0>,<puncta_detect_util.Puncta object at 0x7f1037043f90>,<puncta_detect_util.Puncta object at 0x7f1037040b50>,<puncta_detect_util.Puncta object at 0x7f102e691ad0>,<puncta_detect_util.Puncta object at 0x7f1037023d50>,<puncta_detect_util.Puncta object at 0x7f1037040590>,<puncta_detect_util.Puncta object at 0x7f10370218d0>,True,599.3298159937049,498.0684250235554,,,,,2112.028761980228,436.7334630350192,641.7117117117114,632.6223352713182,,,,,0.0,1.0,0.0,True,,,,,,,,,,,,,,,,,,,,,,,,,,,,,,,,,,,,,,,,,,,,,,,,,,,,,,,,,,,,,,,,,,,,,,,,,,,,,,,,,,,,,,,,
/mount/local5/chenxi/puncta-detection/data/02-13-2022/69.5_ DOPC_30_ DOPS_0.5_ Atto/100 nM_Cy3 ESCRT-I/Captured001.nd2-output,(series 1).tif,1024,False,0,3,0.0585938,99.17887298337655,91.22041105598828,38.78823874764839,-1.6165354357026445,9.656870707374765,34.59220779220777,70.2502629442697,40.51618321713704,29.046288716059735,,,,,,<puncta_detect_util.Puncta object at 0x7f10370235d0>,<puncta_detect_util.Puncta object at 0x7f103705d450>,<puncta_detect_util.Puncta object at 0x7f1037023410>,<puncta_detect_util.Puncta object at 0x7f103704fe90>,<puncta_detect_util.Puncta object at 0x7f1036fdb350>,<puncta_detect_util.Puncta object at 0x7f1036fdbc90>,<puncta_detect_util.Puncta object at 0x7f1036ff52d0>,<puncta_detect_util.Puncta object at 0x7f1036ff5410>,<puncta_detect_util.Puncta object at 0x7f10370406d0>,<puncta_detect_util.Puncta object at 0x7f1036ff5490>,<puncta_detect_util.Puncta object at 0x7f103704bed0>,<puncta_detect_util.Puncta object at 0x7f1037056c50>,<puncta_detect_util.Puncta object at 0x7f1037043c10>,<puncta_detect_util.Puncta object at 0x7f1083f7e150>,0.371582,0.370605,0.371094,0.370605,0.351562,0.349609,0.349121,0.351074,0.353027,,,,,,0.626953,0.627441,0.626465,0.626953,0.443359,0.442871,0.442383,0.442871,0.441895,,,,,,0.0498047,0.0517578,0.0566406,0.0576172,0.03125,0.0332031,0.0322266,0.0341797,0.0322266,,,,,,0.0507812,0.0517578,0.0556641,0.0585938,0.03125,0.0341797,0.0332031,0.0341797,0.0322266,,,,,,True,14,False,True,<puncta_detect_util.Puncta object at 0x7f1037043b90>,<puncta_detect_util.Puncta object at 0x7f10371aca10>,<puncta_detect_util.Puncta object at 0x7f1037038390>,<puncta_detect_util.Puncta object at 0x7f10370211d0>,<puncta_detect_util.Puncta object at 0x7f1037038810>,<puncta_detect_util.Puncta object at 0x7f1037021cd0>,<puncta_detect_util.Puncta object at 0x7f1037023fd0>,<puncta_detect_util.Puncta object at 0x7f1037023b50>,<puncta_detect_util.Puncta object at 0x7f1037040250>,<puncta_detect_util.Puncta object at 0x7f1037023790>,<puncta_detect_util.Puncta object at 0x7f1037040d50>,<puncta_detect_util.Puncta object at 0x7f1037155f50>,<puncta_detect_util.Puncta object at 0x7f1037155850>,<puncta_detect_util.Puncta object at 0x7f10370389d0>,True,835.0643912224755,780.8796594218716,,,,,541.4331155236946,515.565747000895,551.276508868189,633.3714926297121,3291.0020821394455,585.4206732154175,376.08527847139294,,0.0,1.0,0.0,True,,,,,,,,,,,,,,,,,,,,,,,,,,,,,,,,,,,,,,,,,,,,,,,,,,,,,,,,,,,,,,,,,,,,,,,,,,,,,,,,,,,,,,,,
/mount/local5/chenxi/puncta-detection/data/02-13-2022/69.5_ DOPC_30_ DOPS_0.5_ Atto/100 nM_Cy3 ESCRT-I/Captured001.nd2-output,(series 1).tif,1024,False,0,11,0.0791016,77.86675483551016,32.394306950910504,-16.171500564319558,46.04956670068077,50.69016150511152,45.82477054705714,-5.401558324479083,10.316980354024508,24.504720564296804,3.3981292517005386,-13.01079850928636,37.171732837055515,-1.6016147618806826,80.56294058408866,<puncta_detect_util.Puncta object at 0x7f1037023c10>,<puncta_detect_util.Puncta object at 0x7f1037023ad0>,<puncta_detect_util.Puncta object at 0x7f103704f4d0>,<puncta_detect_util.Puncta object at 0x7f103704f310>,<puncta_detect_util.Puncta object at 0x7f1083f7ef90>,<puncta_detect_util.Puncta object at 0x7f1036fdbed0>,<puncta_detect_util.Puncta object at 0x7f1036ff5390>,<puncta_detect_util.Puncta object at 0x7f1036ff54d0>,<puncta_detect_util.Puncta object at 0x7f10370408d0>,<puncta_detect_util.Puncta object at 0x7f1037056190>,<puncta_detect_util.Puncta object at 0x7f103704b290>,<puncta_detect_util.Puncta object at 0x7f1037056ad0>,<puncta_detect_util.Puncta object at 0x7f10370430d0>,<puncta_detect_util.Puncta object at 0x7f103720e8d0>,0.442383,0.441895,0.442871,0.442383,0.370117,0.371094,0.371094,0.370605,0.371094,0.370605,0.370117,0.370605,0.371094,0.491211,0.833496,0.833008,0.833008,0.833008,0.626465,0.627441,0.626465,0.626953,0.626953,0.626953,0.62793,0.626953,0.627441,0.683594,0.0332031,0.0341797,0.0341797,0.0371094,0.0605469,0.0625,0.0664062,0.0712891,0.0742188,0.0751953,0.0761719,0.0791016,0.078125,0.0449219,0.0341797,0.0332031,0.0351562,0.0371094,0.0595703,0.0615234,0.0654297,0.0703125,0.0722656,0.0761719,0.0761719,0.078125,0.0751953,0.0429688,True,14,False,True,<puncta_detect_util.Puncta object at 0x7f108c11ac50>,<puncta_detect_util.Puncta object at 0x7f10371ac3d0>,<puncta_detect_util.Puncta object at 0x7f1037038ed0>,<puncta_detect_util.Puncta object at 0x7f1037038f10>,<puncta_detect_util.Puncta object at 0x7f1037038c10>,<puncta_detect_util.Puncta object at 0x7f1037021a10>,<puncta_detect_util.Puncta object at 0x7f10370232d0>,<puncta_detect_util.Puncta object at 0x7f1037023950>,<puncta_detect_util.Puncta object at 0x7f1037040710>,<puncta_detect_util.Puncta object at 0x7f1037040ad0>,<puncta_detect_util.Puncta object at 0x7f10370401d0>,<puncta_detect_util.Puncta object at 0x7f10371550d0>,<puncta_detect_util.Puncta object at 0x7f1037023110>,<puncta_detect_util.Puncta object at 0x7f1037155bd0>,True,760.7675153144901,683.2103932156983,339.80114672700256,2911.2420551669634,407.777860242707,3082.7645531640883,467.54706698884365,502.49489633173835,494.2694658616274,399.91111758553734,380.0811911325259,445.4620039464171,346.9711045297745,384.3746173797758,0.0,2.0,0.0,True,,,,,,,,,,,,,,,,,,,,,,,,,,,,,,,,,,,,,,,,,,,,,,,,,,,,,,,,,,,,,,,,,,,,,,,,,,,,,,,,,,,,,,,,
/mount/local5/chenxi/puncta-detection/data/02-13-2022/69.5_ DOPC_30_ DOPS_0.5_ Atto/100 nM_Cy3 ESCRT-I/Captured001.nd2-output,(series 1).tif,1024,False,4,13,0.125977,,,,,54.75658866366848,60.398823921372696,32.6974288337924,9.091643845811177,-15.815530885663975,34.17997493559551,19.30168445659956,26.53426184027103,4.8258998491273815,15.483743519456311,<puncta_detect_util.Puncta object at 0x7f1037056710>,<puncta_detect_util.Puncta object at 0x7f10370424d0>,<puncta_detect_util.Puncta object at 0x7f1037042810>,<puncta_detect_util.Puncta object at 0x7f1037042290>,<puncta_detect_util.Puncta object at 0x7f1036fdb690>,<puncta_detect_util.Puncta object at 0x7f1036fdb710>,<puncta_detect_util.Puncta object at 0x7f1036ff5690>,<puncta_detect_util.Puncta object at 0x7f1036fdb890>,<puncta_detect_util.Puncta object at 0x7f1037040950>,<puncta_detect_util.Puncta object at 0x7f1037056d90>,<puncta_detect_util.Puncta object at 0x7f103704b390>,<puncta_detect_util.Puncta object at 0x7f1037056590>,<puncta_detect_util.Puncta object at 0x7f1037043790>,<puncta_detect_util.Puncta object at 0x7f103720ecd0>,,,,,0.194336,0.194336,0.194336,0.194824,0.195801,0.195312,0.195312,0.195801,0.195312,0.195801,,,,,0.789062,0.788574,0.787598,0.787598,0.789062,0.789062,0.788574,0.789062,0.789062,0.790039,,,,,0.0917969,0.0957031,0.0996094,0.104492,0.110352,0.115234,0.117188,0.120117,0.121094,0.125977,,,,,0.0898438,0.0908203,0.0966797,0.102539,0.105469,0.109375,0.110352,0.113281,0.113281,0.115234,True,14,False,True,<puncta_detect_util.Puncta object at 0x7f1037038d90>,<puncta_detect_util.Puncta object at 0x7f103704d790>,<puncta_detect_util.Puncta object at 0x7f0fc9625e10>,<puncta_detect_util.Puncta object at 0x7f10370383d0>,<puncta_detect_util.Puncta object at 0x7f103705d9d0>,<puncta_detect_util.Puncta object at 0x7f1037021110>,<puncta_detect_util.Puncta object at 0x7f103704d410>,<puncta_detect_util.Puncta object at 0x7f103704d9d0>,<puncta_detect_util.Puncta object at 0x7f1037040610>,<puncta_detect_util.Puncta object at 0x7f1037040d10>,<puncta_detect_util.Puncta object at 0x7f10370407d0>,<puncta_detect_util.Puncta object at 0x7f1037155d10>,<puncta_detect_util.Puncta object at 0x7f1037040210>,<puncta_detect_util.Puncta object at 0x7f1037038490>,True,,,213.91749400488243,285.12303663344755,296.3758121861024,242.85508161250345,,,412.9979412266307,355.3229164919053,392.9885240814765,306.1647622958476,261.5293383613507,305.2099483008219,0.0,1.0,0.0,True,,,,,,,,,,,,,,,,,,,,,,,,,,,,,,,,,,,,,,,,,,,,,,,,,,,,,,,,,,,,,,,,,,,,,,,,,,,,,,,,,,,,,,,,
/mount/local5/chenxi/puncta-detection/data/02-13-2022/69.5_ DOPC_30_ DOPS_0.5_ Atto/100 nM_Cy3 ESCRT-I/Captured001.nd2-output,(series 1).tif,1024,False,4,11,0.0605469,,,,,127.24789565495621,68.48057730909522,23.577407219850556,20.080168553869044,41.93756648025828,52.00730837789661,4.662112164499376,38.709940277356054,22.391758369310537,-10.894759450171932,<puncta_detect_util.Puncta object at 0x7f1037042710>,<puncta_detect_util.Puncta object at 0x7f10370421d0>,<puncta_detect_util.Puncta object at 0x7f1037042850>,<puncta_detect_util.Puncta object at 0x7f1037042450>,<puncta_detect_util.Puncta object at 0x7f1036fdbd50>,<puncta_detect_util.Puncta object at 0x7f1036ff5a10>,<puncta_detect_util.Puncta object at 0x7f1036ff53d0>,<puncta_detect_util.Puncta object at 0x7f1036ff5f50>,<puncta_detect_util.Puncta object at 0x7f1036ff5190>,<puncta_detect_util.Puncta object at 0x7f1037056310>,<puncta_detect_util.Puncta object at 0x7f1037056910>,<puncta_detect_util.Puncta object at 0x7f1037043a10>,<puncta_detect_util.Puncta object at 0x7f1037040d90>,<puncta_detect_util.Puncta object at 0x7f1036ff5650>,,,,,0.149902,0.149902,0.149902,0.149902,0.149902,0.150391,0.148926,0.149902,0.150391,0.149414,,,,,0.128906,0.128418,0.128418,0.12793,0.129395,0.128906,0.128418,0.12793,0.12793,0.128418,,,,,0.0439453,0.0478516,0.0498047,0.0537109,0.0556641,0.0566406,0.0576172,0.0595703,0.0585938,0.0585938,,,,,0.0449219,0.0498047,0.0517578,0.0546875,0.0556641,0.0585938,0.0595703,0.0605469,0.0585938,0.0595703,True,14,False,True,<puncta_detect_util.Puncta object at 0x7f103704da50>,<puncta_detect_util.Puncta object at 0x7f103704dc10>,<puncta_detect_util.Puncta object at 0x7f0fc9625f50>,<puncta_detect_util.Puncta object at 0x7f1037038350>,<puncta_detect_util.Puncta object at 0x7f1037040f90>,<puncta_detect_util.Puncta object at 0x7f1037021650>,<puncta_detect_util.Puncta object at 0x7f103704d4d0>,<puncta_detect_util.Puncta object at 0x7f103704d6d0>,<puncta_detect_util.Puncta object at 0x7f1037040390>,<puncta_detect_util.Puncta object at 0x7f1037040f50>,<puncta_detect_util.Puncta object at 0x7f1037040750>,<puncta_detect_util.Puncta object at 0x7f1037155710>,<puncta_detect_util.Puncta object at 0x7f10370400d0>,<puncta_detect_util.Puncta object at 0x7f1037038650>,True,,,359.80694517841584,393.073240290847,387.8283357122468,367.9649612377175,,,2334.9123392481624,709.0436977375061,667.6687269257241,488.64378176836453,1343.9648597030464,420.6426907284849,0.0,2.0,0.0,True,,,,,,,,,,,,,,,,,,,,,,,,,,,,,,,,,,,,,,,,,,,,,,,,,,,,,,,,,,,,,,,,,,,,,,,,,,,,,,,,,,,,,,,,
/mount/local5/chenxi/puncta-detection/data/02-13-2022/69.5_ DOPC_30_ DOPS_0.5_ Atto/100 nM_Cy3 ESCRT-I/Captured001.nd2-output,(series 1).tif,1024,False,4,5,0.0371094,,,,,40.0146383788624,11.585017007967508,13.909266409266365,,,,,,,,<puncta_detect_util.Puncta object at 0x7f1037042a90>,<puncta_detect_util.Puncta object at 0x7f1037042c50>,<puncta_detect_util.Puncta object at 0x7f1037042e50>,<puncta_detect_util.Puncta object at 0x7f1037042a50>,<puncta_detect_util.Puncta object at 0x7f1036fdbe10>,<puncta_detect_util.Puncta object at 0x7f1036ff5310>,<puncta_detect_util.Puncta object at 0x7f1036ff5150>,<puncta_detect_util.Puncta object at 0x7f1036ff5710>,<puncta_detect_util.Puncta object at 0x7f1036fdbc10>,<puncta_detect_util.Puncta object at 0x7f1037056890>,<puncta_detect_util.Puncta object at 0x7f10370567d0>,<puncta_detect_util.Puncta object at 0x7f1037043fd0>,<puncta_detect_util.Puncta object at 0x7f1036fdb9d0>,<puncta_detect_util.Puncta object at 0x7f1036ff5d90>,,,,,0.441406,0.442383,0.441895,,,,,,,,,,,,0.83252,0.833008,0.833008,,,,,,,,,,,,0.0351562,0.0371094,0.0361328,,,,,,,,,,,,0.0361328,0.0371094,0.0351562,,,,,,,,False,14,False,True,<puncta_detect_util.Puncta object at 0x7f103704dc90>,<puncta_detect_util.Puncta object at 0x7f103704d910>,<puncta_detect_util.Puncta object at 0x7f0fc9625d10>,<puncta_detect_util.Puncta object at 0x7f1037038fd0>,<puncta_detect_util.Puncta object at 0x7f1037038110>,<puncta_detect_util.Puncta object at 0x7f1037040790>,<puncta_detect_util.Puncta object at 0x7f103704d310>,<puncta_detect_util.Puncta object at 0x7f103704db10>,<puncta_detect_util.Puncta object at 0x7f1037040c90>,<puncta_detect_util.Puncta object at 0x7f1037040410>,<puncta_detect_util.Puncta object at 0x7f1037040810>,<puncta_detect_util.Puncta object at 0x7f0fc8b93c10>,<puncta_detect_util.Puncta object at 0x7f1037040290>,<puncta_detect_util.Puncta object at 0x7f1037038410>,True,,,1793.6738753233649,373.75357658214807,459.8339427418882,960.5051189871297,,,802.0524244305097,661.5695543216552,5085.519929453263,4500.109721265413,6872.170847097688,415.51507564084613,0.0,8.0,0.0,True,,,,,,,,,,,,,,,,,,,,,,,,,,,,,,,,,,,,,,,,,,,,,,,,,,,,,,,,,,,,,,,,,,,,,,,,,,,,,,,,,,,,,,,,
/mount/local5/chenxi/puncta-detection/data/02-13-2022/69.5_ DOPC_30_ DOPS_0.5_ Atto/100 nM_Cy3 ESCRT-I/Captured001.nd2-output,(series 1).tif,1024,False,4,13,0.0683594,,,,,64.31068271381446,20.794256268750814,6.241786182976739,8.871079861673934,16.781928900592447,-6.45988464139964,36.340805243785326,42.89557064100791,2.351111525948909,25.79497087448908,<puncta_detect_util.Puncta object at 0x7f1037042f90>,<puncta_detect_util.Puncta object at 0x7f1037042e90>,<puncta_detect_util.Puncta object at 0x7f1037042bd0>,<puncta_detect_util.Puncta object at 0x7f1037042cd0>,<puncta_detect_util.Puncta object at 0x7f108c1e6210>,<puncta_detect_util.Puncta object at 0x7f1036ff5590>,<puncta_detect_util.Puncta object at 0x7f1036ff5bd0>,<puncta_detect_util.Puncta object at 0x7f1036ff5290>,<puncta_detect_util.Puncta object at 0x7f103720ed90>,<puncta_detect_util.Puncta object at 0x7f1037056050>,<puncta_detect_util.Puncta object at 0x7f1037056cd0>,<puncta_detect_util.Puncta object at 0x7f1037043e10>,<puncta_detect_util.Puncta object at 0x7f103720e650>,<puncta_detect_util.Puncta object at 0x7f1036ff56d0>,,,,,0.977051,0.976562,0.975098,0.974121,0.974121,0.973633,0.973145,0.972656,0.972656,0.972656,,,,,0.603516,0.602539,0.603027,0.603027,0.602539,0.602539,0.602539,0.603027,0.602539,0.602539,,,,,0.0439453,0.046875,0.0498047,0.0517578,0.0517578,0.0527344,0.0537109,0.0546875,0.0546875,0.0546875,,,,,0.046875,0.0488281,0.0556641,0.0595703,0.0605469,0.0644531,0.0644531,0.0654297,0.0683594,0.0683594,True,14,False,False,<puncta_detect_util.Puncta object at 0x7f103704de10>,<puncta_detect_util.Puncta object at 0x7f10371c7810>,<puncta_detect_util.Puncta object at 0x7f0fc9625e50>,<puncta_detect_util.Puncta object at 0x7f1037038150>,<puncta_detect_util.Puncta object at 0x7f1037021c90>,<puncta_detect_util.Puncta object at 0x7f1037040e10>,<puncta_detect_util.Puncta object at 0x7f10371c7590>,<puncta_detect_util.Puncta object at 0x7f10371c7890>,<puncta_detect_util.Puncta object at 0x7f1037040110>,<puncta_detect_util.Puncta object at 0x7f1037040bd0>,<puncta_detect_util.Puncta object at 0x7f10371557d0>,<puncta_detect_util.Puncta object at 0x7f0fc8b93ad0>,<puncta_detect_util.Puncta object at 0x7f10370214d0>,<puncta_detect_util.Puncta object at 0x7f1037038090>,False,,,,,,,,,504.04918930807116,425.96206303934514,433.6578125000001,,,,,,,True,,,,,,,,,,,,,,,,,,,,,,,,,,,,,,,,,,,,,,,,,,,,,,,,,,,,,,,,,,,,,,,,,,,,,,,,,,,,,,,,,,,,,,,,
/mount/local5/chenxi/puncta-detection/data/02-13-2022/69.5_ DOPC_30_ DOPS_0.5_ Atto/100 nM_Cy3 ESCRT-I/Captured001.nd2-output,(series 1).tif,1024,False,5,13,0.101562,,,,,,34.194102925028346,36.860388757208966,59.891758814418154,31.389634888438195,26.169513074120005,26.634616910003388,21.20363968338097,87.01284309246103,37.4647631912153,<puncta_detect_util.Puncta object at 0x7f1037042410>,<puncta_detect_util.Puncta object at 0x7f10370422d0>,<puncta_detect_util.Puncta object at 0x7f1037042950>,<puncta_detect_util.Puncta object at 0x7f1037042510>,<puncta_detect_util.Puncta object at 0x7f10370425d0>,<puncta_detect_util.Puncta object at 0x7f1036ff5f90>,<puncta_detect_util.Puncta object at 0x7f1036ff5550>,<puncta_detect_util.Puncta object at 0x7f1036ff5510>,<puncta_detect_util.Puncta object at 0x7f1037056290>,<puncta_detect_util.Puncta object at 0x7f1037056f10>,<puncta_detect_util.Puncta object at 0x7f10370560d0>,<puncta_detect_util.Puncta object at 0x7f1037043290>,<puncta_detect_util.Puncta object at 0x7f1037056850>,<puncta_detect_util.Puncta object at 0x7f108c11b910>,,,,,,0.665039,0.665527,0.664062,0.664062,0.664062,0.665039,0.666016,0.665527,0.665039,,,,,,0.262207,0.26123,0.26123,0.26123,0.260254,0.261719,0.262207,0.26123,0.26123,,,,,,0.0605469,0.0751953,0.0820312,0.0898438,0.09375,0.0957031,0.101562,0.100586,0.101562,,,,,,0.0615234,0.0751953,0.0810547,0.0869141,0.0927734,0.09375,0.0986328,0.0986328,0.100586,True,14,False,True,<puncta_detect_util.Puncta object at 0x7f10371c72d0>,<puncta_detect_util.Puncta object at 0x7f10371c7cd0>,<puncta_detect_util.Puncta object at 0x7f0fc9625d50>,<puncta_detect_util.Puncta object at 0x7f1037038590>,<puncta_detect_util.Puncta object at 0x7f1037021710>,<puncta_detect_util.Puncta object at 0x7f1037040190>,<puncta_detect_util.Puncta object at 0x7f10371c75d0>,<puncta_detect_util.Puncta object at 0x7f1037003610>,<puncta_detect_util.Puncta object at 0x7f1037003e50>,<puncta_detect_util.Puncta object at 0x7f1037040e90>,<puncta_detect_util.Puncta object at 0x7f10371555d0>,<puncta_detect_util.Puncta object at 0x7f1037155b10>,<puncta_detect_util.Puncta object at 0x7f1037021f50>,<puncta_detect_util.Puncta object at 0x7f1037038f90>,True,,,2743.19831834116,3865.3160693170585,374.58454865647946,377.31451079890485,,,,820.978005009898,657.1351965695931,544.1291909316642,467.32039625521156,489.9059197310212,0.0,8.0,0.0,True,,,,,,,,,,,,,,,,,,,,,,,,,,,,,,,,,,,,,,,,,,,,,,,,,,,,,,,,,,,,,,,,,,,,,,,,,,,,,,,,,,,,,,,,
/mount/local5/chenxi/puncta-detection/data/02-13-2022/69.5_ DOPC_30_ DOPS_0.5_ Atto/100 nM_Cy3 ESCRT-I/Captured001.nd2-output,(series 1).tif,1024,False,10,11,0.119141,,,,,,,,,,,29.81735812264651,6.658079818161241,-12.276338514680447,9.111487345428941,<puncta_detect_util.Puncta object at 0x7f1037042210>,<puncta_detect_util.Puncta object at 0x7f1037042190>,<puncta_detect_util.Puncta object at 0x7f1037042ed0>,<puncta_detect_util.Puncta object at 0x7f1037042f10>,<puncta_detect_util.Puncta object at 0x7f1037042ad0>,<puncta_detect_util.Puncta object at 0x7f1037042e10>,<puncta_detect_util.Puncta object at 0x7f1037042d10>,<puncta_detect_util.Puncta object at 0x7f10370423d0>,<puncta_detect_util.Puncta object at 0x7f1037042d50>,<puncta_detect_util.Puncta object at 0x7f1037042750>,<puncta_detect_util.Puncta object at 0x7f1037056a90>,<puncta_detect_util.Puncta object at 0x7f1037043350>,<puncta_detect_util.Puncta object at 0x7f103720e890>,<puncta_detect_util.Puncta object at 0x7f1037056a50>,,,,,,,,,,,0.00878906,0.00976562,0.0107422,0.012207,,,,,,,,,,,0.540039,0.540039,0.540039,0.538574,,,,,,,,,,,0.0175781,0.0195312,0.0214844,0.0224609,,,,,,,,,,,0.113281,0.119141,0.117188,0.118164,False,14,False,False,<puncta_detect_util.Puncta object at 0x7f10371c7d50>,<puncta_detect_util.Puncta object at 0x7f10371c7510>,<puncta_detect_util.Puncta object at 0x7f0fc9625f10>,<puncta_detect_util.Puncta object at 0x7f1037038e90>,<puncta_detect_util.Puncta object at 0x7f1037021a50>,<puncta_detect_util.Puncta object at 0x7f1037038990>,<puncta_detect_util.Puncta object at 0x7f1037003990>,<puncta_detect_util.Puncta object at 0x7f1037003950>,<puncta_detect_util.Puncta object at 0x7f10370037d0>,<puncta_detect_util.Puncta object at 0x7f10370030d0>,<puncta_detect_util.Puncta object at 0x7f10370032d0>,<puncta_detect_util.Puncta object at 0x7f1037003790>,<puncta_detect_util.Puncta object at 0x7f1037003b50>,<puncta_detect_util.Puncta object at 0x7f1037003650>,False,,,336.7852726818196,394.8322977539956,409.1527765111214,374.85605099800296,,,,,,,,,,,,False,,,,,,,,,,,,,,,,,,,,,,,,,,,,,,,,,,,,,,,,,,,,,,,,,,,,,,,,,,,,,,,,,,,,,,,,,,,,,,,,,,,,,,,,
/mount/local5/chenxi/puncta-detection/data/02-13-2022/69.5_ DOPC_30_ DOPS_0.5_ Atto/100 nM_Cy3 ESCRT-I/Captured001.nd2-output,(series 1).tif,1024,False,13,13,0.078125,,,,,,,,,,,,,,21.461316665715003,<puncta_detect_util.Puncta object at 0x7f1037042890>,<puncta_detect_util.Puncta object at 0x7f1037042b90>,<puncta_detect_util.Puncta object at 0x7f1037042390>,<puncta_detect_util.Puncta object at 0x7f1037042f50>,<puncta_detect_util.Puncta object at 0x7f10370428d0>,<puncta_detect_util.Puncta object at 0x7f1037042150>,<puncta_detect_util.Puncta object at 0x7f1037042a10>,<puncta_detect_util.Puncta object at 0x7f1037042590>,<puncta_detect_util.Puncta object at 0x7f10f2357b10>,<puncta_detect_util.Puncta object at 0x7f1037042c90>,<puncta_detect_util.Puncta object at 0x7f10f2357b90>,<puncta_detect_util.Puncta object at 0x7f103704d710>,<puncta_detect_util.Puncta object at 0x7f103704d0d0>,<puncta_detect_util.Puncta object at 0x7f1036ff5750>,,,,,,,,,,,,,,0.371094,,,,,,,,,,,,,,0.626953,,,,,,,,,,,,,,0.078125,,,,,,,,,,,,,,0.078125,False,14,False,False,<puncta_detect_util.Puncta object at 0x7f103704de50>,<puncta_detect_util.Puncta object at 0x7f1037003c10>,<puncta_detect_util.Puncta object at 0x7f1037003890>,<puncta_detect_util.Puncta object at 0x7f1037003310>,<puncta_detect_util.Puncta object at 0x7f1037203450>,<puncta_detect_util.Puncta object at 0x7f1037038710>,<puncta_detect_util.Puncta object at 0x7f10370033d0>,<puncta_detect_util.Puncta object at 0x7f1037003550>,<puncta_detect_util.Puncta object at 0x7f1037003f10>,<puncta_detect_util.Puncta object at 0x7f1037003ad0>,<puncta_detect_util.Puncta object at 0x7f10370036d0>,<puncta_detect_util.Puncta object at 0x7f1037003910>,<puncta_detect_util.Puncta object at 0x7f1037003cd0>,<puncta_detect_util.Puncta object at 0x7f1037003d90>,False,,,,,,491.5257305476016,,,,,,,,,,,,True,,,,,,,,,,,,,,,,,,,,,,,,,,,,,,,,,,,,,,,,,,,,,,,,,,,,,,,,,,,,,,,,,,,,,,,,,,,,,,,,,,,,,,,,
/mount/local5/chenxi/puncta-detection/data/02-13-2022/69.5_ DOPC_30_ DOPS_0.5_ Atto/100 nM_Cy3 ESCRT-I/Captured.nd2-output,(series 1).tif,1024,False,0,7,0.0869141,31.64863306982852,59.55755055525924,-19.323635284431475,-6.038678188092945,56.977768071943956,26.049494955423143,24.47129364229704,29.981020559953322,42.0323412451844,48.81385448916444,42.18241320432571,2.5837844503112137,11.623200240537244,22.955665793434036,<puncta_detect_util.Puncta object at 0x7f103705d090>,<puncta_detect_util.Puncta object at 0x7f0fc9629150>,<puncta_detect_util.Puncta object at 0x7f102e58d810>,<puncta_detect_util.Puncta object at 0x7f103704d850>,<puncta_detect_util.Puncta object at 0x7f10370409d0>,<puncta_detect_util.Puncta object at 0x7f1037038190>,<puncta_detect_util.Puncta object at 0x7f102e513610>,<puncta_detect_util.Puncta object at 0x7f102e513b10>,<puncta_detect_util.Puncta object at 0x7f1036ff5090>,<puncta_detect_util.Puncta object at 0x7f1037021b10>,<puncta_detect_util.Puncta object at 0x7f103704d650>,<puncta_detect_util.Puncta object at 0x7f1037035850>,<puncta_detect_util.Puncta object at 0x7f103703f650>,<puncta_detect_util.Puncta object at 0x7f102e5133d0>,0.405273,0.405273,0.405762,0.40625,0.405762,0.405762,0.405762,0.405762,0.405273,0.405762,0.405273,0.405762,0.405273,0.404785,0.986328,0.98584,0.985352,0.985352,0.985352,0.985352,0.985352,0.984863,0.985352,0.984863,0.985352,0.985352,0.985352,0.98584,0.0800781,0.0839844,0.0830078,0.0820312,0.0830078,0.0849609,0.0849609,0.0869141,0.0839844,0.0830078,0.0839844,0.0830078,0.0800781,0.0810547,0.0273438,0.0283203,0.0292969,0.0292969,0.0292969,0.0292969,0.0292969,0.0302734,0.0292969,0.0302734,0.0292969,0.0292969,0.0292969,0.0283203,True,25,False,False,<puncta_detect_util.Puncta object at 0x7f102e519d90>,<puncta_detect_util.Puncta object at 0x7f103704ded0>,<puncta_detect_util.Puncta object at 0x7f102e51f310>,<puncta_detect_util.Puncta object at 0x7f102e51ff90>,<puncta_detect_util.Puncta object at 0x7f102e51f6d0>,<puncta_detect_util.Puncta object at 0x7f102e51fb50>,<puncta_detect_util.Puncta object at 0x7f102e519910>,<puncta_detect_util.Puncta object at 0x7f102e57a9d0>,<puncta_detect_util.Puncta object at 0x7f1037044210>,<puncta_detect_util.Puncta object at 0x7f102e57a190>,<puncta_detect_util.Puncta object at 0x7f102e61b6d0>,<puncta_detect_util.Puncta object at 0x7f102e57a5d0>,<puncta_detect_util.Puncta object at 0x7f102e51fe90>,<puncta_detect_util.Puncta object at 0x7f102e51f190>,True,349.5912609985294,411.4046761787722,346.56668608133214,291.91317526636476,255.2484161793377,284.4342900179122,347.6805691700597,303.2333808785097,320.27746676998595,378.8227832512316,341.5501323475719,322.03691686042475,296.1471104993625,278.16467396117605,,,,False,21.231527093596014,-10.960322892342901,47.85214187010615,39.76793606017873,-19.305414738079435,86.60216308745703,18.277896233119918,31.50740688287806,38.94711567502236,,,<puncta_detect_util.Puncta object at 0x7f102e513810>,<puncta_detect_util.Puncta object at 0x7f102e513c50>,<puncta_detect_util.Puncta object at 0x7f102e513f10>,<puncta_detect_util.Puncta object at 0x7f102e513250>,<puncta_detect_util.Puncta object at 0x7f102e513150>,<puncta_detect_util.Puncta object at 0x7f102e519c50>,<puncta_detect_util.Puncta object at 0x7f102e519b50>,<puncta_detect_util.Puncta object at 0x7f102e519090>,<puncta_detect_util.Puncta object at 0x7f102e519510>,<puncta_detect_util.Puncta object at 0x7f102e519b10>,<puncta_detect_util.Puncta object at 0x7f102e519e50>,0.405273,0.405762,0.405273,0.405762,0.40625,0.404297,0.405273,0.403809,0.404297,,,0.98584,0.986328,0.986816,0.986816,0.986816,0.988281,0.988281,0.989258,0.989258,,,0.078125,0.0810547,0.0800781,0.0791016,0.0761719,0.078125,0.0761719,0.0732422,0.0761719,,,0.0283203,0.0273438,0.0263672,0.0263672,0.0263672,0.0234375,0.0234375,0.0214844,0.0195312,,,<puncta_detect_util.Puncta object at 0x7f102e51f750>,<puncta_detect_util.Puncta object at 0x7f102e61ba10>,<puncta_detect_util.Puncta object at 0x7f102e51f050>,<puncta_detect_util.Puncta object at 0x7f102e51ffd0>,<puncta_detect_util.Puncta object at 0x7f102e51e7d0>,<puncta_detect_util.Puncta object at 0x7f102e565810>,<puncta_detect_util.Puncta object at 0x7f102e565f90>,<puncta_detect_util.Puncta object at 0x7f102e565850>,<puncta_detect_util.Puncta object at 0x7f102e565f10>,<puncta_detect_util.Puncta object at 0x7f102e565610>,<puncta_detect_util.Puncta object at 0x7f102e565390>,331.4971693733305,257.93969074403867,205.999704585171,279.87561124025706,225.66889412780347,221.75573486368785,240.10825238862662,243.28676450976218,318.8523372651812,,
/mount/local5/chenxi/puncta-detection/data/02-13-2022/69.5_ DOPC_30_ DOPS_0.5_ Atto/100 nM_Cy3 ESCRT-I/Captured.nd2-output,(series 1).tif,1024,False,0,8,0.0615234,42.2985276279328,35.02200586264644,33.34111769237643,51.09551813908183,39.122905982906104,68.06133325742167,39.45478737453777,36.37310174135928,30.635917668868842,29.441584673379566,-3.2541945615334953,-13.62732280244336,56.041317179247926,27.31098039215658,<puncta_detect_util.Puncta object at 0x7f10371f9e50>,<puncta_detect_util.Puncta object at 0x7f1037044450>,<puncta_detect_util.Puncta object at 0x7f1036fca050>,<puncta_detect_util.Puncta object at 0x7f10f1c05610>,<puncta_detect_util.Puncta object at 0x7f1037044c90>,<puncta_detect_util.Puncta object at 0x7f102e63fd10>,<puncta_detect_util.Puncta object at 0x7f1037021610>,<puncta_detect_util.Puncta object at 0x7f10370881d0>,<puncta_detect_util.Puncta object at 0x7f1037023090>,<puncta_detect_util.Puncta object at 0x7f10370405d0>,<puncta_detect_util.Puncta object at 0x7f1037040a90>,<puncta_detect_util.Puncta object at 0x7f10371b4810>,<puncta_detect_util.Puncta object at 0x7f1037040c50>,<puncta_detect_util.Puncta object at 0x7f103704f9d0>,0.448242,0.449219,0.44873,0.449219,0.44873,0.44873,0.44873,0.44873,0.44873,0.448242,0.447754,0.448242,0.448242,0.448242,0.166016,0.166016,0.166016,0.166016,0.166016,0.165527,0.166016,0.166016,0.166504,0.165527,0.166504,0.166504,0.166504,0.166992,0.0566406,0.0566406,0.0576172,0.0585938,0.0595703,0.0595703,0.0615234,0.0615234,0.0615234,0.0605469,0.0595703,0.0585938,0.0566406,0.0566406,0.0566406,0.0566406,0.0566406,0.0585938,0.0585938,0.0595703,0.0605469,0.0605469,0.0615234,0.0595703,0.0576172,0.0576172,0.0556641,0.0566406,True,25,False,True,<puncta_detect_util.Puncta object at 0x7f102e57a8d0>,<puncta_detect_util.Puncta object at 0x7f102e57a850>,<puncta_detect_util.Puncta object at 0x7f102e51f2d0>,<puncta_detect_util.Puncta object at 0x7f102e51fbd0>,<puncta_detect_util.Puncta object at 0x7f102e51fad0>,<puncta_detect_util.Puncta object at 0x7f102e51f490>,<puncta_detect_util.Puncta object at 0x7f102e513190>,<puncta_detect_util.Puncta object at 0x7f102e57a090>,<puncta_detect_util.Puncta object at 0x7f102e51f9d0>,<puncta_detect_util.Puncta object at 0x7f102e51f810>,<puncta_detect_util.Puncta object at 0x7f102e61b750>,<puncta_detect_util.Puncta object at 0x7f102e57a250>,<puncta_detect_util.Puncta object at 0x7f102e51f550>,<puncta_detect_util.Puncta object at 0x7f102e51fcd0>,True,462.39318559897174,381.63497618067413,249.970256242284,282.3438835250304,375.3620705627368,371.4393478564566,6327.433388217767,393.4398017408553,450.16442109164063,1095.5397818610404,10615.819813158698,349.11159890941053,308.64119019888494,246.6348572408574,0.0,4.0,0.0,True,-2.2917931034480716,-2.3329446960042333,37.86967684179717,,,,,,,,,<puncta_detect_util.Puncta object at 0x7f1037035390>,<puncta_detect_util.Puncta object at 0x7f103703f510>,<puncta_detect_util.Puncta object at 0x7f102e513a50>,<puncta_detect_util.Puncta object at 0x7f102e513d50>,<puncta_detect_util.Puncta object at 0x7f102e513990>,<puncta_detect_util.Puncta object at 0x7f103703f210>,<puncta_detect_util.Puncta object at 0x7f102e513490>,<puncta_detect_util.Puncta object at 0x7f102e519fd0>,<puncta_detect_util.Puncta object at 0x7f102e519ed0>,<puncta_detect_util.Puncta object at 0x7f102e519f10>,<puncta_detect_util.Puncta object at 0x7f102e553050>,0.44873,0.447754,0.448242,,,,,,,,,0.166504,0.166504,0.166016,,,,,,,,,0.0537109,0.0517578,0.0527344,,,,,,,,,0.0537109,0.0537109,0.0507812,,,,,,,,,<puncta_detect_util.Puncta object at 0x7f102e51fc50>,<puncta_detect_util.Puncta object at 0x7f102e51f350>,<puncta_detect_util.Puncta object at 0x7f102e51e990>,<puncta_detect_util.Puncta object at 0x7f102e565510>,<puncta_detect_util.Puncta object at 0x7f102e565310>,<puncta_detect_util.Puncta object at 0x7f102e565150>,<puncta_detect_util.Puncta object at 0x7f102e565b10>,<puncta_detect_util.Puncta object at 0x7f102e565110>,<puncta_detect_util.Puncta object at 0x7f102e565c10>,<puncta_detect_util.Puncta object at 0x7f102e5652d0>,<puncta_detect_util.Puncta object at 0x7f102e5655d0>,8898.179903886543,395.14148984569783,346.3139329805995,,,,,,,,
/mount/local5/chenxi/puncta-detection/data/02-13-2022/69.5_ DOPC_30_ DOPS_0.5_ Atto/100 nM_Cy3 ESCRT-I/Captured.nd2-output,(series 1).tif,1024,False,0,8,0.0703125,-10.469478603049538,25.642410248156466,40.93591407409531,22.03101046982738,54.923576973391846,-2.055449735449656,-6.227590997119478,36.113829119688944,23.777424608914316,39.64053533675633,45.74389640205163,33.124240868166,18.777285260912777,-17.189579409918224,<puncta_detect_util.Puncta object at 0x7f103705d410>,<puncta_detect_util.Puncta object at 0x7f0fc9629190>,<puncta_detect_util.Puncta object at 0x7f102e58dd10>,<puncta_detect_util.Puncta object at 0x7f103704d950>,<puncta_detect_util.Puncta object at 0x7f1037035dd0>,<puncta_detect_util.Puncta object at 0x7f1037023a10>,<puncta_detect_util.Puncta object at 0x7f10370350d0>,<puncta_detect_util.Puncta object at 0x7f102e513910>,<puncta_detect_util.Puncta object at 0x7f0fc8b99790>,<puncta_detect_util.Puncta object at 0x7f10371b4f50>,<puncta_detect_util.Puncta object at 0x7f1037021e10>,<puncta_detect_util.Puncta object at 0x7f1037035a50>,<puncta_detect_util.Puncta object at 0x7f103703ffd0>,<puncta_detect_util.Puncta object at 0x7f103703f6d0>,0.678711,0.678711,0.679199,0.678223,0.678711,0.678711,0.679688,0.677734,0.678711,0.678223,0.677734,0.677734,0.677246,0.677734,0.495117,0.494629,0.494629,0.494141,0.494141,0.494141,0.494141,0.494141,0.494141,0.495117,0.493652,0.494141,0.494141,0.494141,0.0644531,0.0644531,0.0673828,0.0673828,0.0683594,0.0683594,0.0703125,0.0703125,0.0703125,0.0693359,0.0664062,0.0664062,0.0654297,0.0644531,0.0644531,0.0654297,0.0654297,0.0664062,0.0683594,0.0683594,0.0703125,0.0703125,0.0703125,0.0683594,0.0673828,0.0664062,0.0664062,0.0644531,True,25,False,True,<puncta_detect_util.Puncta object at 0x7f102e57ac90>,<puncta_detect_util.Puncta object at 0x7f102e57a7d0>,<puncta_detect_util.Puncta object at 0x7f102e51f710>,<puncta_detect_util.Puncta object at 0x7f102e51fc90>,<puncta_detect_util.Puncta object at 0x7f102e51f650>,<puncta_detect_util.Puncta object at 0x7f102e51f3d0>,<puncta_detect_util.Puncta object at 0x7f102e57a510>,<puncta_detect_util.Puncta object at 0x7f102e57a2d0>,<puncta_detect_util.Puncta object at 0x7f102e51fa10>,<puncta_detect_util.Puncta object at 0x7f102e51f150>,<puncta_detect_util.Puncta object at 0x7f102e51f5d0>,<puncta_detect_util.Puncta object at 0x7f102e51fdd0>,<puncta_detect_util.Puncta object at 0x7f102e51fb90>,<puncta_detect_util.Puncta object at 0x7f102e51f850>,True,415.4714862440187,452.8254554087889,312.37865923097525,355.005363250727,455.1481469467194,379.72850442220533,399.5727501256915,380.99892571196915,392.86153401207685,431.2522951328042,348.37841105667576,380.60810025298133,311.9817377859554,349.2470910760567,0.0,1.0,0.0,True,10.883827160493638,23.4775538724748,43.22435751753255,-20.242876232011895,86.66093386021976,99.09146206591458,,,,,,<puncta_detect_util.Puncta object at 0x7f102e513cd0>,<puncta_detect_util.Puncta object at 0x7f102e513110>,<puncta_detect_util.Puncta object at 0x7f102e5130d0>,<puncta_detect_util.Puncta object at 0x7f102e513210>,<puncta_detect_util.Puncta object at 0x7f102e513bd0>,<puncta_detect_util.Puncta object at 0x7f102e519590>,<puncta_detect_util.Puncta object at 0x7f102e5192d0>,<puncta_detect_util.Puncta object at 0x7f102e519250>,<puncta_detect_util.Puncta object at 0x7f102e519110>,<puncta_detect_util.Puncta object at 0x7f102e519490>,<puncta_detect_util.Puncta object at 0x7f102e519350>,0.677734,0.677734,0.677734,0.677246,0.677734,0.677734,,,,,,0.494629,0.494141,0.494141,0.494141,0.493652,0.493652,,,,,,0.0625,0.0625,0.0625,0.0595703,0.0585938,0.0546875,,,,,,0.0634766,0.0625,0.0605469,0.0585938,0.0556641,0.0537109,,,,,,<puncta_detect_util.Puncta object at 0x7f102e51fa50>,<puncta_detect_util.Puncta object at 0x7f102e51e150>,<puncta_detect_util.Puncta object at 0x7f102e51e0d0>,<puncta_detect_util.Puncta object at 0x7f102e565c90>,<puncta_detect_util.Puncta object at 0x7f102e565cd0>,<puncta_detect_util.Puncta object at 0x7f102e565790>,<puncta_detect_util.Puncta object at 0x7f102e5658d0>,<puncta_detect_util.Puncta object at 0x7f102e565ed0>,<puncta_detect_util.Puncta object at 0x7f102e565450>,<puncta_detect_util.Puncta object at 0x7f102e565d50>,<puncta_detect_util.Puncta object at 0x7f102e565b50>,351.41729692602894,417.4888019506625,371.4814993621253,317.34884848484853,315.32236175115213,330.96209561600836,,,,,
/mount/local5/chenxi/puncta-detection/data/02-13-2022/69.5_ DOPC_30_ DOPS_0.5_ Atto/100 nM_Cy3 ESCRT-I/Captured.nd2-output,(series 1).tif,1024,False,0,11,0.0722656,90.31850822599745,83.48683470654214,135.6928687433001,141.5160069444446,129.52088220918858,138.5457573497015,133.83618725720453,93.80559388664506,113.01697169748695,88.33346352246326,133.61343331427543,99.16949558266697,63.75130935912375,48.1175017501746,<puncta_detect_util.Puncta object at 0x7f103705dc50>,<puncta_detect_util.Puncta object at 0x7f103705d8d0>,<puncta_detect_util.Puncta object at 0x7f102e58d590>,<puncta_detect_util.Puncta object at 0x7f103704d7d0>,<puncta_detect_util.Puncta object at 0x7f103703f150>,<puncta_detect_util.Puncta object at 0x7f1037023190>,<puncta_detect_util.Puncta object at 0x7f1037035f50>,<puncta_detect_util.Puncta object at 0x7f102e513090>,<puncta_detect_util.Puncta object at 0x7f10376fbf10>,<puncta_detect_util.Puncta object at 0x7f103704fc90>,<puncta_detect_util.Puncta object at 0x7f103704d810>,<puncta_detect_util.Puncta object at 0x7f10370353d0>,<puncta_detect_util.Puncta object at 0x7f1037035cd0>,<puncta_detect_util.Puncta object at 0x7f103703fa50>,0.686523,0.686523,0.686523,0.686523,0.687012,0.686523,0.686035,0.686523,0.685547,0.686035,0.685547,0.686523,0.6875,0.685547,0.0966797,0.0966797,0.0966797,0.097168,0.0966797,0.097168,0.0966797,0.097168,0.0976562,0.0976562,0.0976562,0.0981445,0.0976562,0.0976562,0.0585938,0.0605469,0.0605469,0.0605469,0.0634766,0.0644531,0.0654297,0.0683594,0.0703125,0.0712891,0.0703125,0.0722656,0.0703125,0.0703125,0.0566406,0.0585938,0.0605469,0.0615234,0.0625,0.0634766,0.0644531,0.0673828,0.0683594,0.0703125,0.0683594,0.0693359,0.0683594,0.0683594,True,25,False,True,<puncta_detect_util.Puncta object at 0x7f102e57a990>,<puncta_detect_util.Puncta object at 0x7f102e57a390>,<puncta_detect_util.Puncta object at 0x7f102e51f950>,<puncta_detect_util.Puncta object at 0x7f102e51f450>,<puncta_detect_util.Puncta object at 0x7f102e51f990>,<puncta_detect_util.Puncta object at 0x7f102e51f590>,<puncta_detect_util.Puncta object at 0x7f102e57aa10>,<puncta_detect_util.Puncta object at 0x7f102e51f290>,<puncta_detect_util.Puncta object at 0x7f102e51fa90>,<puncta_detect_util.Puncta object at 0x7f102e61b550>,<puncta_detect_util.Puncta object at 0x7f102e51ff50>,<puncta_detect_util.Puncta object at 0x7f102e51fd90>,<puncta_detect_util.Puncta object at 0x7f102e51f390>,<puncta_detect_util.Puncta object at 0x7f102e51f790>,True,488.85798355136194,487.3255758602213,319.152355764646,332.81627610590385,266.36332991623476,300.88608708888705,505.2218058439257,438.33186664752793,468.0956089459496,435.56728845054295,347.7732777393767,286.7659098282097,281.37527429972897,345.1042963789696,0.0,1.0,0.0,True,137.87269671139666,127.35984728998437,76.44397038357965,146.71383043565856,110.61775175363846,55.364735710518744,87.23996473324542,82.55814803330941,31.93780128976732,90.59298948181004,,<puncta_detect_util.Puncta object at 0x7f102e513390>,<puncta_detect_util.Puncta object at 0x7f102e513c10>,<puncta_detect_util.Puncta object at 0x7f102e513f90>,<puncta_detect_util.Puncta object at 0x7f103703f050>,<puncta_detect_util.Puncta object at 0x7f102e5135d0>,<puncta_detect_util.Puncta object at 0x7f102e519550>,<puncta_detect_util.Puncta object at 0x7f102e5198d0>,<puncta_detect_util.Puncta object at 0x7f102e519a90>,<puncta_detect_util.Puncta object at 0x7f102e519e10>,<puncta_detect_util.Puncta object at 0x7f102e519c90>,<puncta_detect_util.Puncta object at 0x7f102e5197d0>,0.686523,0.686035,0.685547,0.686523,0.686523,0.685547,0.686523,0.686523,0.686035,0.686523,,0.0976562,0.0976562,0.097168,0.0976562,0.097168,0.097168,0.0981445,0.0976562,0.0981445,0.0981445,,0.0683594,0.0693359,0.0664062,0.0644531,0.0644531,0.0625,0.0605469,0.0605469,0.0576172,0.0527344,,0.0664062,0.0683594,0.0654297,0.0644531,0.0634766,0.0615234,0.0595703,0.0566406,0.0537109,0.0498047,,<puncta_detect_util.Puncta object at 0x7f102e51eed0>,<puncta_detect_util.Puncta object at 0x7f102e51edd0>,<puncta_detect_util.Puncta object at 0x7f102e565490>,<puncta_detect_util.Puncta object at 0x7f102e565990>,<puncta_detect_util.Puncta object at 0x7f102e565fd0>,<puncta_detect_util.Puncta object at 0x7f102e5653d0>,<puncta_detect_util.Puncta object at 0x7f102e5656d0>,<puncta_detect_util.Puncta object at 0x7f102e565090>,<puncta_detect_util.Puncta object at 0x7f102e565190>,<puncta_detect_util.Puncta object at 0x7f102e565210>,<puncta_detect_util.Puncta object at 0x7f102e565d90>,298.53437804605755,309.00259266060675,230.50239074902765,293.2895918351028,225.85660819451687,175.130497767645,188.2206152183162,350.21375448671915,4635.666475694445,302.9086148833144,
/mount/local5/chenxi/puncta-detection/data/02-13-2022/69.5_ DOPC_30_ DOPS_0.5_ Atto/100 nM_Cy3 ESCRT-I/Captured.nd2-output,(series 1).tif,1024,False,0,24,0.121094,62.71111111111077,37.971465606636684,69.96423660502614,43.766964180837476,12.729906060939811,84.33306657360572,74.46645892102833,41.25671104436515,59.306315305416774,56.36518504157448,23.348670157592096,41.10561768025855,46.33472609480032,44.062315113837485,<puncta_detect_util.Puncta object at 0x7f103705da50>,<puncta_detect_util.Puncta object at 0x7f103705dcd0>,<puncta_detect_util.Puncta object at 0x7f103705d110>,<puncta_detect_util.Puncta object at 0x7f102e58d3d0>,<puncta_detect_util.Puncta object at 0x7f10371b4590>,<puncta_detect_util.Puncta object at 0x7f1036ffc250>,<puncta_detect_util.Puncta object at 0x7f1037038690>,<puncta_detect_util.Puncta object at 0x7f102e513690>,<puncta_detect_util.Puncta object at 0x7f102e58da90>,<puncta_detect_util.Puncta object at 0x7f103704d590>,<puncta_detect_util.Puncta object at 0x7f1037038510>,<puncta_detect_util.Puncta object at 0x7f1037035310>,<puncta_detect_util.Puncta object at 0x7f1037035250>,<puncta_detect_util.Puncta object at 0x7f103703f610>,0.87793,0.87793,0.878418,0.87793,0.87793,0.876953,0.877441,0.876953,0.877441,0.87793,0.878906,0.878906,0.878906,0.878906,0.268555,0.268066,0.268066,0.268555,0.268066,0.268555,0.268066,0.269531,0.269043,0.26709,0.267578,0.26709,0.26709,0.26709,0.078125,0.0820312,0.0849609,0.0878906,0.0917969,0.09375,0.0966797,0.101562,0.104492,0.107422,0.109375,0.109375,0.111328,0.113281,0.0761719,0.0810547,0.0830078,0.0878906,0.0888672,0.0917969,0.0947266,0.0976562,0.102539,0.102539,0.103516,0.106445,0.106445,0.108398,True,25,False,True,<puncta_detect_util.Puncta object at 0x7f102e57aed0>,<puncta_detect_util.Puncta object at 0x7f102e57aa90>,<puncta_detect_util.Puncta object at 0x7f102e51ff10>,<puncta_detect_util.Puncta object at 0x7f102e51fd10>,<puncta_detect_util.Puncta object at 0x7f102e51f410>,<puncta_detect_util.Puncta object at 0x7f102e51fe50>,<puncta_detect_util.Puncta object at 0x7f102e57af90>,<puncta_detect_util.Puncta object at 0x7f102e57a6d0>,<puncta_detect_util.Puncta object at 0x7f102e51f910>,<puncta_detect_util.Puncta object at 0x7f102e51f090>,<puncta_detect_util.Puncta object at 0x7f102e51f610>,<puncta_detect_util.Puncta object at 0x7f102e51f690>,<puncta_detect_util.Puncta object at 0x7f102e51fb10>,<puncta_detect_util.Puncta object at 0x7f102e51fd50>,True,453.50752152891255,436.53289691705186,302.9342146161466,312.9668544135916,281.10075155786626,307.5928805616204,483.01882844226657,495.49455549604863,418.3549055840722,393.4047412123564,415.103886937728,370.28341867886957,357.07729175618715,347.14036315708745,0.0,3.0,0.0,True,49.26916494430998,22.759863638229945,55.43891547049407,20.72028370229873,62.307441434940756,38.93404390467367,58.971726814375415,34.98424155945122,57.407374388204516,46.867392425581784,65.80114399837885,<puncta_detect_util.Puncta object at 0x7f102e513b50>,<puncta_detect_util.Puncta object at 0x7f102e513350>,<puncta_detect_util.Puncta object at 0x7f102e513d90>,<puncta_detect_util.Puncta object at 0x7f102e513c90>,<puncta_detect_util.Puncta object at 0x7f102e513550>,<puncta_detect_util.Puncta object at 0x7f102e5199d0>,<puncta_detect_util.Puncta object at 0x7f102e519bd0>,<puncta_detect_util.Puncta object at 0x7f102e519610>,<puncta_detect_util.Puncta object at 0x7f102e519450>,<puncta_detect_util.Puncta object at 0x7f102e519c10>,<puncta_detect_util.Puncta object at 0x7f102e553cd0>,0.878906,0.87793,0.878906,0.878906,0.878906,0.878906,0.879883,0.878906,0.879395,0.878906,0.878906,0.266602,0.266602,0.26709,0.266602,0.26709,0.266602,0.266602,0.26709,0.26709,0.266113,0.266602,0.113281,0.115234,0.115234,0.117188,0.117188,0.117188,0.119141,0.121094,0.120117,0.121094,0.121094,0.107422,0.109375,0.110352,0.111328,0.110352,0.113281,0.113281,0.114258,0.114258,0.114258,0.113281,<puncta_detect_util.Puncta object at 0x7f102e51f7d0>,<puncta_detect_util.Puncta object at 0x7f102e51e910>,<puncta_detect_util.Puncta object at 0x7f102e51ea50>,<puncta_detect_util.Puncta object at 0x7f102e5650d0>,<puncta_detect_util.Puncta object at 0x7f102e565250>,<puncta_detect_util.Puncta object at 0x7f102e565a90>,<puncta_detect_util.Puncta object at 0x7f102e565a50>,<puncta_detect_util.Puncta object at 0x7f102e565e50>,<puncta_detect_util.Puncta object at 0x7f102e5659d0>,<puncta_detect_util.Puncta object at 0x7f102e565750>,<puncta_detect_util.Puncta object at 0x7f1037044e50>,278.1380876583703,280.5510241917855,269.50235956418055,267.0653531708899,280.216670485589,258.2804175657675,226.8322520169795,267.0850201909034,269.9115018727198,228.67510576528457,256.4568192670008
/mount/local5/chenxi/puncta-detection/data/02-13-2022/69.5_ DOPC_30_ DOPS_0.5_ Atto/100 nM_Cy3 ESCRT-I/Captured.nd2-output,(series 1).tif,1024,False,0,14,0.0878906,21.35607736720067,5.387923416789363,26.954483818311473,13.639105549571923,8.493396646386827,9.773787680209807,8.89348379205967,13.937396608767358,5.593194193982072,15.325099454048086,31.47353606852721,17.623049360391633,36.414468164445225,67.53218623017028,<puncta_detect_util.Puncta object at 0x7f103705d390>,<puncta_detect_util.Puncta object at 0x7f0fc9629350>,<puncta_detect_util.Puncta object at 0x7f0fc9629250>,<puncta_detect_util.Puncta object at 0x7f103704db50>,<puncta_detect_util.Puncta object at 0x7f1036fca0d0>,<puncta_detect_util.Puncta object at 0x7f103704d610>,<puncta_detect_util.Puncta object at 0x7f1037021050>,<puncta_detect_util.Puncta object at 0x7f102e5139d0>,<puncta_detect_util.Puncta object at 0x7f108c11bd50>,<puncta_detect_util.Puncta object at 0x7f1037021510>,<puncta_detect_util.Puncta object at 0x7f1037040ed0>,<puncta_detect_util.Puncta object at 0x7f1037035c50>,<puncta_detect_util.Puncta object at 0x7f103703fb10>,<puncta_detect_util.Puncta object at 0x7f103703f8d0>,0.927734,0.927734,0.928711,0.926758,0.927246,0.927246,0.927734,0.927734,0.927246,0.929688,0.926758,0.926758,0.926758,0.927734,0.983398,0.982422,0.982422,0.982422,0.981934,0.982422,0.980957,0.981445,0.980469,0.979492,0.980957,0.980957,0.982422,0.981445,0.0800781,0.0820312,0.0800781,0.0839844,0.0849609,0.0849609,0.0839844,0.0859375,0.0869141,0.0820312,0.0878906,0.0839844,0.0878906,0.0859375,0.0332031,0.0332031,0.0332031,0.0351562,0.0341797,0.0351562,0.0361328,0.0371094,0.0390625,0.0371094,0.0361328,0.0361328,0.0351562,0.0351562,True,25,False,False,<puncta_detect_util.Puncta object at 0x7f102e57a750>,<puncta_detect_util.Puncta object at 0x7f102e57a810>,<puncta_detect_util.Puncta object at 0x7f102e51fe10>,<puncta_detect_util.Puncta object at 0x7f102e51f210>,<puncta_detect_util.Puncta object at 0x7f102e51f250>,<puncta_detect_util.Puncta object at 0x7f102e51f8d0>,<puncta_detect_util.Puncta object at 0x7f102e57a110>,<puncta_detect_util.Puncta object at 0x7f102e57ab10>,<puncta_detect_util.Puncta object at 0x7f102e51f890>,<puncta_detect_util.Puncta object at 0x7f102e51f1d0>,<puncta_detect_util.Puncta object at 0x7f102e51f510>,<puncta_detect_util.Puncta object at 0x7f102e51f4d0>,<puncta_detect_util.Puncta object at 0x7f102e51fc10>,<puncta_detect_util.Puncta object at 0x7f102e51fed0>,True,461.5383954467925,362.6283911377918,309.5002008195147,308.79708411798856,337.3160048447835,267.74031786808155,355.28737072833474,342.17239238264574,339.55045591784847,309.21553520418865,361.07505810821795,353.90512808132644,326.33812974950706,318.41223510595773,,,,False,46.693790618580806,37.355021513275005,29.16243926090283,-21.298664891992757,12.631491205040675,40.191764059351044,15.493586309523835,16.822320709105952,19.60715879390591,4.348993436412911,40.91338738830609,<puncta_detect_util.Puncta object at 0x7f102e513750>,<puncta_detect_util.Puncta object at 0x7f102e5136d0>,<puncta_detect_util.Puncta object at 0x7f102e513a10>,<puncta_detect_util.Puncta object at 0x7f102e5138d0>,<puncta_detect_util.Puncta object at 0x7f102e513850>,<puncta_detect_util.Puncta object at 0x7f102e519a10>,<puncta_detect_util.Puncta object at 0x7f102e519210>,<puncta_detect_util.Puncta object at 0x7f102e519310>,<puncta_detect_util.Puncta object at 0x7f102e5193d0>,<puncta_detect_util.Puncta object at 0x7f102e519190>,<puncta_detect_util.Puncta object at 0x7f102e519390>,0.926758,0.926758,0.926758,0.926758,0.927246,0.927734,0.926758,0.927734,0.927734,0.926758,0.928711,0.981445,0.981934,0.981934,0.982422,0.982422,0.983398,0.983398,0.983398,0.984375,0.984375,0.986328,0.0878906,0.0839844,0.0839844,0.0820312,0.0830078,0.0820312,0.0800781,0.0742188,0.0703125,0.0644531,0.0722656,0.0351562,0.0341797,0.0341797,0.0332031,0.0351562,0.0332031,0.0332031,0.0332031,0.03125,0.03125,0.0273438,<puncta_detect_util.Puncta object at 0x7f102e51f110>,<puncta_detect_util.Puncta object at 0x7f102e51e510>,<puncta_detect_util.Puncta object at 0x7f102e51ed90>,<puncta_detect_util.Puncta object at 0x7f102e5657d0>,<puncta_detect_util.Puncta object at 0x7f102e565910>,<puncta_detect_util.Puncta object at 0x7f102e565e10>,<puncta_detect_util.Puncta object at 0x7f102e565350>,<puncta_detect_util.Puncta object at 0x7f102e565690>,<puncta_detect_util.Puncta object at 0x7f102e565a10>,<puncta_detect_util.Puncta object at 0x7f102e565bd0>,<puncta_detect_util.Puncta object at 0x7f102e565e90>,272.64618464961086,271.0729955183142,282.19704770561975,324.36655087566896,205.0281124497992,314.8082833833523,263.714366102618,247.63665975276854,259.5537634408597,291.1983834367006,330.1212005315615
